Time,PYR,T,V,I,P
2023-11-27 15:05:58,45.36,16.83,1.74,9.625,16.77
2023-11-27 15:06:19,43.79,16.83,1.88,9.404,17.7
2023-11-27 15:07:24,50.05,16.83,1.74,9.625,16.77
2023-11-27 15:07:45,53.18,16.83,1.88,9.38,17.65
2023-11-27 15:10:21,45.36,16.83,1.78,9.625,17.15
2023-11-27 15:12:11,62.56,16.83,1.9,9.429,17.94
2023-11-27 15:12:32,64.13,16.83,1.76,9.625,16.96
2023-11-27 15:12:52,62.56,16.83,1.76,9.65,17.0
2023-11-27 15:13:13,59.43,16.83,1.92,9.33,17.93
2023-11-27 15:13:33,59.43,17.28,1.74,9.675,16.85
2023-11-27 15:14:39,53.18,16.83,1.82,9.502,17.31
2023-11-27 15:15:00,48.48,17.28,1.8,9.576,17.26
2023-11-27 15:15:20,43.79,17.28,1.74,9.675,16.85
2023-11-27 15:15:41,39.1,17.28,1.96,9.306,18.26
2023-11-27 15:17:31,59.43,16.83,1.9,9.355,17.79
2023-11-27 15:17:52,57.87,17.28,1.74,9.675,16.85
2023-11-27 15:18:57,32.84,16.83,1.92,9.33,17.93
2023-11-27 15:20:48,18.77,16.83,1.8,9.576,17.26
2023-11-27 15:23:24,23.46,16.83,1.74,9.65,16.81
2023-11-27 15:24:29,35.97,16.83,1.8,9.576,17.26
2023-11-27 15:24:50,37.54,16.83,1.94,9.306,18.07
2023-11-27 15:25:10,37.54,16.83,1.82,9.478,17.27
2023-11-27 15:25:31,39.1,16.83,1.76,9.625,16.96
2023-11-27 15:25:51,37.54,16.83,1.78,9.576,17.07
2023-11-27 15:26:12,37.54,16.83,1.96,9.281,18.21
2023-11-27 15:26:32,39.1,17.28,1.78,9.552,17.02
2023-11-27 15:27:38,35.97,16.83,1.78,9.625,17.15
2023-11-27 15:27:59,35.97,17.28,1.76,9.625,16.96
2023-11-27 15:29:49,32.84,16.83,1.9,9.404,17.89
2023-11-27 15:30:55,31.28,16.83,1.78,9.576,17.07
2023-11-27 15:32:00,31.28,16.83,1.82,9.502,17.31
2023-11-27 15:32:21,29.72,16.83,1.94,9.306,18.07
2023-11-27 15:32:42,29.72,16.83,1.78,9.601,17.11
2023-11-27 15:33:02,28.15,16.83,1.82,9.502,17.31
2023-11-27 15:33:23,28.15,17.28,1.92,9.33,17.93
2023-11-27 15:33:43,29.72,16.83,1.74,9.65,16.81
2023-11-27 15:34:04,31.28,16.83,1.82,9.527,17.36
2023-11-27 15:34:24,31.28,16.83,1.74,9.65,16.81
2023-11-27 15:37:00,37.54,16.83,1.78,9.552,17.02
2023-11-27 15:37:20,39.1,16.83,1.94,9.306,18.07
2023-11-27 15:39:56,26.59,16.83,1.94,9.306,18.07
2023-11-27 15:40:17,31.28,16.83,1.76,9.601,16.92
2023-11-27 15:40:37,32.84,16.83,1.88,9.38,17.65
2023-11-27 15:40:58,35.97,16.83,1.78,9.601,17.11
2023-11-27 15:41:18,37.54,16.83,1.74,9.65,16.81
2023-11-27 15:41:39,35.97,16.83,1.9,9.38,17.84
2023-11-27 15:41:59,34.41,16.37,1.94,9.306,18.07
2023-11-27 15:42:20,29.72,16.83,1.84,9.502,17.5
2023-11-27 15:42:40,25.02,16.83,1.84,9.502,17.5
2023-11-27 15:45:16,10.95,16.37,1.88,9.453,17.79
2023-11-27 15:45:37,10.95,16.83,1.82,9.552,17.4
2023-11-27 15:45:57,12.51,16.83,1.82,9.502,17.31
2023-11-27 15:47:48,31.28,16.83,1.84,9.478,17.46
2023-11-27 15:48:08,32.84,16.83,1.96,9.257,18.16
2023-11-27 15:49:14,34.41,16.83,1.92,9.306,17.89
2023-11-27 15:50:20,25.02,16.83,1.94,9.306,18.07
2023-11-27 15:50:40,23.46,16.83,1.92,9.33,17.93
2023-11-27 15:53:16,37.54,16.37,1.76,9.625,16.96
2023-11-27 15:53:36,39.1,16.37,1.84,9.453,17.41
2023-11-27 15:53:57,39.1,16.37,1.94,9.306,18.07
2023-11-27 15:54:17,39.1,16.37,1.86,9.453,17.6
2023-11-27 15:54:38,37.54,16.83,1.82,9.502,17.31
2023-11-27 15:54:58,34.41,16.37,1.96,9.281,18.21
2023-11-27 15:55:19,31.28,16.37,1.96,9.281,18.21
2023-11-27 15:55:40,28.15,16.83,1.92,9.306,17.89
2023-11-27 15:56:45,28.15,16.37,1.94,9.33,18.12
2023-11-27 15:57:06,29.72,16.37,1.94,9.281,18.03
2023-11-27 15:58:56,34.41,16.83,1.76,9.601,16.92
2023-11-27 16:00:47,15.64,16.37,1.9,9.355,17.79
2023-11-27 16:01:07,15.64,16.83,1.76,9.625,16.96
2023-11-27 16:01:28,15.64,16.37,1.86,9.429,17.56
2023-11-27 16:01:49,15.64,16.37,1.76,9.625,16.96
2023-11-27 16:05:09,42.23,16.83,1.9,9.355,17.79
2023-11-27 16:05:30,42.23,16.37,1.94,9.306,18.07
2023-11-27 16:07:20,32.84,16.37,1.88,9.38,17.65
2023-11-27 16:07:50,34.41,16.83,1.92,9.33,17.93
2023-11-27 16:08:11,37.54,16.37,1.76,9.625,16.96
2023-11-27 16:08:31,40.66,16.37,1.78,9.576,17.07
2023-11-27 16:08:52,43.79,16.83,1.76,9.576,16.87
2023-11-27 16:10:42,35.97,16.83,1.96,9.306,18.26
2023-11-27 16:11:03,31.28,16.37,1.88,9.429,17.75
2023-11-27 16:11:23,28.15,16.83,1.9,9.355,17.79
2023-11-27 16:11:44,25.02,16.37,1.92,9.33,17.93
2023-11-27 16:12:04,25.02,16.37,1.76,9.601,16.92
2023-11-27 16:12:25,23.46,16.83,1.98,9.257,18.35
2023-11-27 16:14:12,29.72,16.37,1.82,9.502,17.31
2023-11-27 16:14:33,31.28,16.37,1.96,9.306,18.26
2023-11-27 16:14:53,32.84,16.37,1.94,9.281,18.03
2023-11-27 16:15:14,32.84,16.37,1.88,9.38,17.65
2023-11-27 16:15:34,32.84,16.37,1.78,9.576,17.07
2023-11-27 16:15:55,31.28,16.37,1.8,9.576,17.26
2023-11-27 16:16:15,28.15,16.37,1.78,9.576,17.07
2023-11-27 16:16:36,25.02,16.37,1.92,9.355,17.98
2023-11-27 16:16:56,25.02,16.37,1.98,9.232,18.3
2023-11-27 16:17:17,26.59,16.37,1.8,9.552,17.21
2023-11-27 16:17:38,26.59,16.37,1.96,9.257,18.16
2023-11-27 16:17:58,29.72,16.37,1.94,9.306,18.07
2023-11-27 16:18:19,34.41,16.37,1.78,9.576,17.07
2023-11-27 16:18:39,35.97,16.37,1.9,9.38,17.84
2023-11-27 16:19:00,35.97,16.37,1.82,9.478,17.27
2023-11-27 16:19:20,34.41,16.37,1.78,9.552,17.02
2023-11-27 16:19:41,32.84,16.37,1.82,9.527,17.36
2023-11-27 16:20:01,29.72,16.37,1.96,9.281,18.21
2023-11-27 16:20:22,26.59,16.37,1.76,9.601,16.92
2023-11-27 16:20:42,21.9,16.37,1.96,9.257,18.16
2023-11-27 16:21:03,20.33,16.37,1.88,9.404,17.7
2023-11-27 16:21:24,18.77,16.37,1.76,9.601,16.92
2023-11-27 16:21:44,17.2,16.37,1.78,9.576,17.07
2023-11-27 16:22:05,17.2,16.37,1.76,9.625,16.96
2023-11-27 16:22:25,18.77,16.37,1.82,9.478,17.27
2023-11-27 16:22:46,18.77,16.37,1.94,9.306,18.07
2023-11-27 16:23:06,20.33,16.37,1.84,9.478,17.46
2023-11-27 16:23:27,21.9,16.37,1.78,9.552,17.02
2023-11-27 16:23:47,23.46,16.37,1.76,9.601,16.92
2023-11-27 16:24:08,25.02,16.37,1.76,9.576,16.87
2023-11-27 16:24:28,25.02,16.37,1.96,9.257,18.16
2023-11-27 16:24:49,26.59,16.37,1.84,9.502,17.5
2023-11-27 16:25:10,26.59,16.37,1.78,9.576,17.07
2023-11-27 16:25:30,25.02,16.37,1.96,9.257,18.16
2023-11-27 16:25:51,25.02,16.37,1.92,9.38,18.03
2023-11-27 16:26:51,20.33,16.37,1.88,9.404,17.7
2023-11-27 16:54:23,7.82,15.92,1.84,9.478,17.46
2023-11-27 16:55:28,4.69,15.92,1.94,9.281,18.03
2023-11-27 16:55:49,4.69,15.92,1.96,9.257,18.16
2023-11-27 16:56:51,4.69,15.92,1.9,9.38,17.84
2023-11-27 16:57:57,4.69,15.92,1.82,9.527,17.36
2023-11-27 16:58:17,3.13,15.92,1.88,9.429,17.75
2023-11-27 16:59:23,3.13,15.92,1.78,9.576,17.07
2023-11-27 16:59:43,1.56,15.92,1.98,9.232,18.3
2023-11-27 17:00:49,1.56,15.92,1.78,9.552,17.02
2023-11-27 17:01:54,1.56,15.92,1.9,9.38,17.84
2023-11-27 17:03:45,1.56,15.46,1.8,9.502,17.12
2023-11-27 17:04:06,1.56,15.92,1.8,9.502,17.12
2023-11-27 17:04:26,1.56,15.46,1.98,9.232,18.3
2023-11-27 17:04:47,1.56,15.46,1.82,9.502,17.31
2023-11-27 17:05:07,1.56,15.46,1.96,9.257,18.16
2023-11-27 17:05:28,1.56,15.46,1.78,9.576,17.07
2023-11-27 17:05:48,1.56,15.46,1.98,9.232,18.3
2023-11-27 17:07:39,1.56,15.92,1.96,9.257,18.16
2023-11-27 17:08:00,1.56,15.46,1.92,9.33,17.93
2023-11-27 17:10:35,4.69,15.46,1.8,9.552,17.21
2023-11-27 17:11:37,6.26,15.46,1.86,9.404,17.51
2023-11-27 17:11:58,6.26,15.46,1.92,9.281,17.84
2023-11-27 17:12:18,7.82,15.46,1.84,9.478,17.46
2023-11-27 17:12:39,7.82,15.46,1.78,9.576,17.07
2023-11-27 17:12:59,7.82,15.46,1.86,9.404,17.51
2023-11-27 17:13:20,7.82,15.46,1.8,9.527,17.17
2023-11-27 17:14:26,4.69,15.46,1.82,9.502,17.31
2023-11-27 17:14:46,4.69,15.46,1.96,9.257,18.16
2023-11-27 17:15:52,4.69,15.46,1.92,9.281,17.84
2023-11-27 17:16:12,4.69,15.46,1.84,9.429,17.37
2023-11-27 17:17:18,3.13,15.46,1.78,9.576,17.07
2023-11-27 17:17:38,1.56,15.46,1.92,9.355,17.98
2023-11-27 17:17:59,1.56,15.46,1.96,9.232,18.12
2023-11-27 17:19:04,0.0,15.46,1.82,9.527,17.36
2023-11-27 17:19:25,0.0,15.46,1.98,9.207,18.25
2023-11-27 17:21:25,0.0,15.46,1.9,9.306,17.7
2023-11-27 17:21:45,0.0,15.46,1.78,9.552,17.02
2023-11-27 17:22:06,0.0,15.46,1.8,9.552,17.21
2023-11-27 17:22:26,0.0,15.46,1.82,9.478,17.27
2023-11-27 17:22:47,0.0,15.46,1.9,9.38,17.84
2023-11-27 17:23:07,0.0,15.46,1.98,9.207,18.25
2023-11-27 17:23:28,0.0,15.46,1.88,9.355,17.61
2023-11-27 17:23:48,0.0,15.46,1.9,9.38,17.84
2023-11-27 17:24:09,0.0,15.46,1.8,9.527,17.17
2023-11-27 17:26:00,0.0,15.46,1.82,9.527,17.36
2023-11-27 17:27:05,0.0,15.46,1.98,9.207,18.25
2023-11-27 17:28:11,0.0,15.46,1.8,9.552,17.21
2023-11-27 17:28:31,0.0,15.46,1.78,9.552,17.02
2023-11-27 17:29:37,0.0,15.46,1.78,9.552,17.02
2023-11-27 17:29:57,0.0,15.46,1.78,9.527,16.98
2023-11-27 17:30:18,0.0,15.46,1.78,9.552,17.02
2023-11-27 17:30:39,0.0,15.46,1.98,9.232,18.3
2023-11-27 17:30:59,0.0,15.46,1.86,9.404,17.51
2023-11-27 17:31:20,0.0,15.46,1.86,9.404,17.51
2023-11-27 17:31:40,0.0,15.46,1.94,9.306,18.07
2023-11-27 17:32:01,0.0,15.46,1.8,9.502,17.12
2023-11-27 17:32:21,0.0,15.46,1.84,9.429,17.37
2023-11-27 17:32:42,0.0,15.46,1.92,9.33,17.93
2023-11-27 17:33:02,0.0,15.46,1.94,9.281,18.03
2023-11-27 17:33:23,0.0,15.46,1.98,9.232,18.3
2023-11-27 17:34:28,0.0,15.01,1.9,9.306,17.7
2023-11-27 17:35:34,0.0,15.46,1.76,9.576,16.87
2023-11-27 17:37:25,0.0,15.46,1.8,9.527,17.17
2023-11-27 17:40:45,0.0,15.46,1.9,9.33,17.75
2023-11-27 17:41:47,0.0,15.01,1.82,9.478,17.27
2023-11-27 17:42:08,0.0,15.46,1.98,9.207,18.25
2023-11-27 17:42:28,0.0,15.01,1.98,9.207,18.25
2023-11-27 17:42:49,0.0,15.01,1.96,9.257,18.16
2023-11-27 17:43:10,0.0,15.01,1.9,9.306,17.7
2023-11-27 17:43:30,0.0,15.01,1.9,9.306,17.7
2023-11-27 17:44:36,0.0,15.01,1.78,9.552,17.02
2023-11-27 17:44:56,0.0,15.01,1.78,9.552,17.02
2023-11-27 17:45:17,0.0,15.01,1.78,9.552,17.02
2023-11-27 17:45:37,0.0,15.01,1.82,9.478,17.27
2023-11-27 17:45:58,0.0,15.01,1.98,9.207,18.25
2023-11-27 17:46:18,0.0,15.01,1.98,9.232,18.3
2023-11-27 17:46:39,0.0,15.01,1.94,9.281,18.03
2023-11-27 17:48:20,0.0,15.01,1.8,9.527,17.17
2023-11-27 17:48:40,0.0,15.01,2.0,9.158,18.34
2023-11-27 17:50:41,0.0,15.01,1.8,9.527,17.17
2023-11-27 17:56:22,0.0,15.01,1.9,9.33,17.75
2023-11-27 18:01:48,0.0,15.01,1.8,9.527,17.17
2023-11-27 18:02:54,0.0,15.01,1.82,9.502,17.31
2023-11-27 18:04:44,0.0,15.01,1.8,9.478,17.08
2023-11-27 18:05:50,0.0,14.55,1.94,9.281,18.03
2023-11-27 18:06:55,0.0,15.01,1.96,9.207,18.07
2023-11-27 18:08:01,0.0,15.01,1.98,9.183,18.2
2023-11-27 18:08:22,0.0,14.55,1.9,9.38,17.84
2023-11-27 18:08:42,0.0,15.01,1.88,9.404,17.7
2023-11-27 18:09:03,0.0,15.01,1.78,9.552,17.02
2023-11-27 18:09:23,0.0,15.01,1.86,9.429,17.56
2023-11-27 18:09:44,0.0,14.55,1.94,9.281,18.03
2023-11-27 18:10:49,0.0,15.01,1.96,9.232,18.12
2023-11-27 18:11:10,0.0,14.55,1.86,9.38,17.47
2023-11-27 18:12:24,0.0,15.01,1.8,9.527,17.17
2023-11-27 18:12:45,0.0,15.01,1.86,9.38,17.47
2023-11-27 18:13:06,0.0,14.55,1.86,9.453,17.6
2023-11-27 18:13:26,0.0,14.55,1.84,9.429,17.37
2023-11-27 18:16:02,0.0,15.01,1.9,9.306,17.7
2023-11-27 18:17:07,0.0,14.55,2.0,9.158,18.34
2023-11-27 18:18:58,0.0,14.55,1.88,9.404,17.7
2023-11-27 18:20:49,0.0,14.55,1.86,9.38,17.47
2023-11-27 18:21:09,0.0,14.55,1.8,9.502,17.12
2023-11-27 18:22:15,0.0,14.55,1.8,9.502,17.12
2023-11-27 18:23:20,0.0,14.55,1.8,9.502,17.12
2023-11-27 18:23:41,0.0,14.55,1.9,9.38,17.84
2023-11-27 18:24:01,0.0,14.1,1.82,9.453,17.22
2023-11-27 18:24:22,0.0,14.55,1.96,9.257,18.16
2023-11-27 18:24:42,0.0,14.55,1.96,9.232,18.12
2023-11-27 18:25:03,0.0,14.55,1.9,9.355,17.79
2023-11-27 18:25:23,0.0,14.55,1.94,9.257,17.98
2023-11-27 18:25:44,0.0,14.55,1.88,9.404,17.7
2023-11-27 18:26:05,0.0,14.55,2.0,9.158,18.34
2023-11-27 18:26:25,0.0,14.55,2.0,9.183,18.39
2023-11-27 18:26:46,0.0,14.55,1.82,9.478,17.27
2023-11-27 18:27:06,0.0,14.55,1.84,9.429,17.37
2023-11-27 18:27:27,0.0,14.1,2.0,9.207,18.44
2023-11-27 18:28:32,0.0,14.55,1.8,9.502,17.12
2023-11-27 18:28:53,0.0,14.55,1.98,9.207,18.25
2023-11-27 18:29:13,0.0,14.55,1.82,9.478,17.27
2023-11-27 18:29:34,0.0,14.55,1.82,9.502,17.31
2023-11-27 18:32:10,0.0,14.55,2.0,9.158,18.34
2023-11-27 18:34:45,0.0,14.55,1.9,9.33,17.75
2023-11-27 18:35:06,0.0,14.55,1.82,9.478,17.27
2023-11-27 18:35:26,0.0,14.55,1.92,9.257,17.79
2023-11-27 18:35:47,0.0,14.55,2.0,9.158,18.34
2023-11-27 18:36:10,0.0,14.55,1.8,9.502,17.12
2023-11-27 18:36:31,0.0,14.55,1.9,9.306,17.7
2023-11-27 18:36:51,0.0,14.55,1.9,9.33,17.75
2023-11-27 18:37:12,0.0,14.55,1.88,9.355,17.61
2023-11-27 18:37:33,0.0,14.55,2.0,9.158,18.34
2023-11-27 18:37:53,0.0,14.55,1.98,9.183,18.2
2023-11-27 18:38:14,0.0,14.55,1.98,9.183,18.2
2023-11-27 18:39:54,0.0,14.55,1.84,9.453,17.41
2023-11-27 18:40:15,0.0,14.55,1.84,9.453,17.41
2023-11-27 18:40:35,0.0,14.1,1.88,9.38,17.65
2023-11-27 18:42:46,0.0,14.1,1.9,9.33,17.75
2023-11-27 18:43:07,0.0,14.1,1.86,9.38,17.47
2023-11-27 18:44:12,0.0,14.1,1.9,9.306,17.7
2023-11-27 18:44:33,0.0,14.55,1.86,9.429,17.56
2023-11-27 18:44:53,0.0,14.1,1.92,9.306,17.89
2023-11-27 18:45:14,0.0,14.55,1.88,9.355,17.61
2023-11-27 18:45:34,0.0,14.55,1.86,9.38,17.47
2023-11-27 18:45:55,0.0,14.1,1.84,9.429,17.37
2023-11-27 18:47:46,0.0,14.1,1.82,9.478,17.27
2023-11-27 18:48:51,0.0,14.55,2.0,9.134,18.29
2023-11-27 18:49:12,0.0,14.55,1.8,9.502,17.12
2023-11-27 18:49:32,0.0,14.55,1.8,9.502,17.12
2023-11-27 18:52:53,0.0,14.55,1.94,9.232,17.93
2023-11-27 18:53:13,0.0,14.55,1.88,9.355,17.61
2023-11-27 18:53:34,0.0,14.55,1.86,9.38,17.47
2023-11-27 18:55:25,0.0,14.1,2.0,9.134,18.29
2023-11-27 18:55:45,0.0,14.1,1.98,9.158,18.15
2023-11-27 18:56:06,0.0,14.1,1.88,9.404,17.7
2023-11-27 18:56:26,0.0,14.1,2.0,9.158,18.34
2023-11-27 18:56:47,0.0,14.1,2.0,9.158,18.34
2023-11-27 18:57:52,0.0,14.55,1.82,9.478,17.27
2023-11-27 18:59:43,0.0,14.55,2.0,9.158,18.34
2023-11-27 19:00:03,0.0,14.1,2.0,9.134,18.29
2023-11-27 19:00:24,0.0,14.55,1.82,9.453,17.22
2023-11-27 19:00:45,0.0,14.55,1.84,9.453,17.41
2023-11-27 19:01:05,0.0,14.1,2.0,9.158,18.34
2023-11-27 19:01:26,0.0,14.1,1.96,9.232,18.12
2023-11-27 19:01:46,0.0,14.1,1.88,9.404,17.7
2023-11-27 19:02:07,0.0,14.1,1.98,9.207,18.25
2023-11-27 19:02:27,0.0,14.55,1.8,9.478,17.08
2023-11-27 19:02:48,0.0,14.55,2.0,9.158,18.34
2023-11-27 19:04:38,0.0,14.1,2.0,9.158,18.34
2023-11-27 19:04:59,0.0,14.1,1.86,9.429,17.56
2023-11-27 19:06:05,0.0,14.1,1.86,9.429,17.56
2023-11-27 19:07:55,0.0,14.1,1.96,9.232,18.12
2023-11-27 19:08:16,0.0,14.1,2.02,9.134,18.47
2023-11-27 19:08:36,0.0,14.1,1.86,9.38,17.47
2023-11-27 19:08:57,0.0,14.55,1.82,9.478,17.27
2023-11-27 19:09:17,0.0,14.55,1.96,9.257,18.16
2023-11-27 19:09:38,0.0,14.55,1.82,9.478,17.27
2023-11-27 19:09:58,0.0,14.1,1.88,9.33,17.56
2023-11-27 19:10:19,0.0,14.1,2.02,9.134,18.47
2023-11-27 19:10:39,0.0,14.1,1.98,9.207,18.25
2023-11-27 19:11:00,0.0,14.1,1.82,9.453,17.22
2023-11-27 19:12:06,0.0,14.1,1.98,9.183,18.2
2023-11-27 19:12:26,0.0,14.1,1.82,9.478,17.27
2023-11-27 19:13:32,0.0,14.1,1.86,9.38,17.47
2023-11-27 19:15:19,0.0,14.1,1.9,9.33,17.75
2023-11-27 19:17:51,0.0,14.1,1.86,9.429,17.56
2023-11-27 19:19:42,0.0,14.1,1.82,9.478,17.27
2023-11-27 19:20:02,0.0,14.1,1.82,9.453,17.22
2023-11-27 19:20:23,0.0,14.1,1.86,9.429,17.56
2023-11-27 19:20:43,0.0,14.1,1.8,9.478,17.08
2023-11-27 19:21:04,0.0,14.1,1.88,9.33,17.56
2023-11-27 19:21:24,0.0,14.55,1.84,9.429,17.37
2023-11-27 19:21:45,0.0,14.1,2.02,9.134,18.47
2023-11-27 19:22:05,0.0,14.1,2.0,9.134,18.29
2023-11-27 19:22:26,0.0,14.1,1.92,9.306,17.89
2023-11-27 19:24:17,0.0,14.1,1.92,9.306,17.89
2023-11-27 19:24:37,0.0,13.65,1.96,9.207,18.07
2023-11-27 19:24:58,0.0,14.1,2.0,9.158,18.34
2023-11-27 19:26:03,0.0,14.1,2.0,9.158,18.34
2023-11-27 19:26:24,0.0,14.1,1.82,9.453,17.22
2023-11-27 19:26:44,0.0,14.1,1.82,9.478,17.27
2023-11-27 19:27:50,0.0,13.65,1.92,9.306,17.89
2023-11-27 19:28:10,0.0,13.65,1.92,9.306,17.89
2023-11-27 19:28:31,0.0,13.65,1.96,9.183,18.02
2023-11-27 19:28:52,0.0,13.65,1.98,9.232,18.3
2023-11-27 19:29:57,0.0,13.65,1.88,9.33,17.56
2023-11-27 19:31:48,0.0,13.65,1.92,9.257,17.79
2023-11-27 19:32:53,0.0,13.65,2.0,9.158,18.34
2023-11-27 19:33:14,0.0,13.65,1.92,9.306,17.89
2023-11-27 19:35:04,0.0,13.65,1.94,9.232,17.93
2023-11-27 19:35:25,0.0,13.65,1.9,9.306,17.7
2023-11-27 19:35:46,0.0,13.65,1.86,9.429,17.56
2023-11-27 19:36:06,0.0,13.65,1.94,9.281,18.03
2023-11-27 19:37:57,0.0,13.65,1.96,9.183,18.02
2023-11-27 19:38:17,0.0,13.65,2.0,9.183,18.39
2023-11-27 19:38:38,0.0,13.65,1.88,9.33,17.56
2023-11-27 19:39:43,0.0,13.65,1.86,9.404,17.51
2023-11-27 19:40:04,0.0,13.65,2.0,9.158,18.34
2023-11-27 19:40:24,0.0,13.65,1.82,9.453,17.22
2023-11-27 19:40:45,0.0,13.65,1.82,9.429,17.18
2023-11-27 19:41:06,0.0,13.65,2.02,9.109,18.42
2023-11-27 19:41:26,0.0,13.65,1.92,9.33,17.93
2023-11-27 19:41:47,0.0,13.65,1.98,9.207,18.25
2023-11-27 19:42:07,0.0,13.19,1.86,9.38,17.47
2023-11-27 19:42:28,0.0,13.65,2.0,9.158,18.34
2023-11-27 19:42:48,0.0,13.65,1.96,9.232,18.12
2023-11-27 19:43:09,0.0,13.65,1.9,9.306,17.7
2023-11-27 19:43:29,0.0,13.65,1.88,9.33,17.56
2023-11-27 19:43:50,0.0,13.65,1.96,9.207,18.07
2023-11-27 19:45:40,0.0,13.65,1.94,9.207,17.88
2023-11-27 19:46:01,0.0,13.65,2.02,9.109,18.42
2023-11-27 19:46:22,0.0,13.65,1.82,9.453,17.22
2023-11-27 19:46:42,0.0,13.65,1.94,9.281,18.03
2023-11-27 19:47:03,0.0,13.65,1.92,9.257,17.79
2023-11-27 19:48:53,0.0,13.65,1.92,9.281,17.84
2023-11-27 19:49:14,0.0,13.65,2.02,9.134,18.47
2023-11-27 19:51:49,0.0,13.65,1.84,9.404,17.32
2023-11-27 19:52:19,0.0,13.65,1.98,9.158,18.15
2023-11-27 19:52:40,0.0,13.65,2.02,9.109,18.42
2023-11-27 19:53:00,0.0,13.65,2.02,9.134,18.47
2023-11-27 19:53:21,0.0,13.65,1.96,9.183,18.02
2023-11-27 19:54:26,0.0,13.65,1.96,9.257,18.16
2023-11-27 19:56:17,0.0,13.65,1.82,9.453,17.22
2023-11-27 19:56:37,0.0,13.65,2.0,9.134,18.29
2023-11-27 19:56:58,0.0,13.65,1.9,9.306,17.7
2023-11-27 19:57:18,0.0,13.65,2.02,9.109,18.42
2023-11-27 19:57:39,0.0,13.65,1.98,9.183,18.2
2023-11-27 19:58:00,0.0,13.65,2.02,9.109,18.42
2023-11-27 19:58:20,0.0,13.19,1.9,9.355,17.79
2023-11-27 20:00:07,0.0,13.65,1.82,9.453,17.22
2023-11-27 20:00:28,0.0,13.65,2.0,9.134,18.29
2023-11-27 20:00:48,0.0,13.65,1.86,9.355,17.42
2023-11-27 20:01:09,0.0,13.65,2.0,9.183,18.39
2023-11-27 20:01:29,0.0,13.65,1.84,9.453,17.41
2023-11-27 20:01:50,0.0,13.65,1.96,9.257,18.16
2023-11-27 20:02:10,0.0,13.65,2.0,9.158,18.34
2023-11-27 20:02:31,0.0,13.65,1.94,9.281,18.03
2023-11-27 20:02:52,0.0,13.65,1.82,9.478,17.27
2023-11-27 20:03:57,0.0,13.65,1.84,9.453,17.41
2023-11-27 20:05:03,0.0,13.65,1.82,9.453,17.22
2023-11-27 20:05:23,0.0,13.65,1.9,9.33,17.75
2023-11-27 20:05:44,0.0,13.65,1.92,9.306,17.89
2023-11-27 20:06:04,0.0,13.65,1.86,9.404,17.51
2023-11-27 20:06:25,0.0,13.65,2.02,9.109,18.42
2023-11-27 20:06:45,0.0,13.65,1.98,9.207,18.25
2023-11-27 20:07:06,0.0,13.65,1.82,9.453,17.22
2023-11-27 20:07:27,0.0,13.65,2.0,9.183,18.39
2023-11-27 20:07:47,0.0,13.65,1.88,9.306,17.51
2023-11-27 20:08:08,0.0,13.65,1.82,9.478,17.27
2023-11-27 20:09:13,0.0,13.65,2.0,9.158,18.34
2023-11-27 20:09:34,0.0,13.65,1.98,9.158,18.15
2023-11-27 20:09:54,0.0,13.65,1.82,9.453,17.22
2023-11-27 20:11:00,0.0,13.65,1.98,9.207,18.25
2023-11-27 20:11:20,0.0,13.65,2.02,9.109,18.42
2023-11-27 20:11:41,0.0,13.65,1.84,9.404,17.32
2023-11-27 20:12:01,0.0,13.65,1.9,9.355,17.79
2023-11-27 20:12:22,0.0,13.65,2.02,9.134,18.47
2023-11-27 20:12:43,0.0,13.65,1.96,9.183,18.02
2023-11-27 20:13:03,0.0,13.65,1.96,9.183,18.02
2023-11-27 20:14:09,0.0,13.65,2.02,9.109,18.42
2023-11-27 20:15:14,0.0,13.65,1.94,9.281,18.03
2023-11-27 20:15:35,0.0,13.65,1.88,9.355,17.61
2023-11-27 20:15:55,0.0,13.65,1.88,9.355,17.61
2023-11-27 20:16:16,0.0,13.65,1.82,9.453,17.22
2023-11-27 20:16:36,0.0,13.65,1.86,9.429,17.56
2023-11-27 20:16:57,0.0,13.65,1.84,9.453,17.41
2023-11-27 20:17:17,0.0,13.65,1.84,9.453,17.41
2023-11-27 20:17:38,0.0,13.65,1.86,9.404,17.51
2023-11-27 20:17:59,0.0,13.65,1.92,9.306,17.89
2023-11-27 20:19:49,0.0,13.65,1.82,9.478,17.27
2023-11-27 20:20:10,0.0,13.65,1.82,9.429,17.18
2023-11-27 20:20:30,0.0,13.65,1.92,9.257,17.79
2023-11-27 20:20:51,0.0,13.65,1.82,9.453,17.22
2023-11-27 20:21:11,0.0,13.65,1.86,9.38,17.47
2023-11-27 20:21:32,0.0,13.65,1.84,9.453,17.41
2023-11-27 20:21:52,0.0,13.65,2.0,9.109,18.24
2023-11-27 20:22:13,0.0,13.65,2.02,9.109,18.42
2023-11-27 20:22:34,0.0,13.65,1.9,9.355,17.79
2023-11-27 20:22:54,0.0,13.65,1.96,9.232,18.12
2023-11-27 20:26:15,0.0,13.65,1.96,9.232,18.12
2023-11-27 20:26:35,0.0,13.65,1.82,9.429,17.18
2023-11-27 20:27:41,0.0,13.19,1.96,9.207,18.07
2023-11-27 20:28:01,0.0,13.19,2.02,9.134,18.47
2023-11-27 20:28:22,0.0,13.65,1.92,9.257,17.79
2023-11-27 20:28:42,0.0,13.65,1.86,9.38,17.47
2023-11-27 20:29:03,0.0,13.65,2.02,9.134,18.47
2023-11-27 20:29:24,0.0,13.19,1.92,9.257,17.79
2023-11-27 20:29:44,0.0,14.1,1.92,9.257,17.79
2023-11-27 20:30:05,0.0,13.65,1.82,9.453,17.22
2023-11-27 20:30:25,0.0,13.65,1.9,9.281,17.65
2023-11-27 20:30:46,0.0,13.65,1.94,9.207,17.88
2023-11-27 20:31:06,0.0,13.19,1.82,9.453,17.22
2023-11-27 20:34:27,0.0,13.65,2.0,9.134,18.29
2023-11-27 20:41:28,0.0,13.65,1.82,9.453,17.22
2023-11-27 20:45:34,0.0,13.65,1.82,9.478,17.27
2023-11-27 20:45:55,0.0,13.65,1.94,9.257,17.98
2023-11-27 20:47:00,0.0,13.19,1.92,9.281,17.84
2023-11-27 20:47:21,0.0,13.65,2.02,9.109,18.42
2023-11-27 20:47:41,0.0,13.65,2.0,9.134,18.29
2023-11-27 20:48:47,0.0,13.65,1.82,9.453,17.22
2023-11-27 20:49:08,0.0,13.65,1.82,9.453,17.22
2023-11-27 20:50:13,0.0,13.65,1.82,9.453,17.22
2023-11-27 20:50:34,0.0,13.65,1.94,9.232,17.93
2023-11-27 20:50:54,0.0,13.65,1.82,9.453,17.22
2023-11-27 20:51:15,0.0,13.19,1.84,9.429,17.37
2023-11-27 20:51:35,0.0,13.19,1.92,9.257,17.79
2023-11-27 20:51:56,0.0,13.19,1.84,9.404,17.32
2023-11-27 20:53:01,0.0,13.19,2.0,9.109,18.24
2023-11-27 20:53:22,0.0,13.19,1.96,9.183,18.02
2023-11-27 20:53:43,0.0,13.19,2.02,9.134,18.47
2023-11-27 20:54:48,0.0,13.19,1.98,9.207,18.25
2023-11-27 20:55:50,0.0,13.19,1.94,9.257,17.98
2023-11-27 20:56:11,0.0,13.19,1.84,9.429,17.37
2023-11-27 20:56:31,0.0,13.19,1.96,9.232,18.12
2023-11-27 20:56:52,0.0,13.19,2.04,9.109,18.6
2023-11-27 20:57:12,0.0,13.19,1.94,9.281,18.03
2023-11-27 20:57:33,0.0,13.19,2.0,9.158,18.34
2023-11-27 20:57:53,0.0,13.19,1.88,9.33,17.56
2023-11-27 20:58:59,0.0,13.19,1.98,9.183,18.2
2023-11-27 20:59:20,0.0,13.19,1.94,9.281,18.03
2023-11-27 21:00:22,0.0,12.74,1.88,9.355,17.61
2023-11-27 21:00:42,0.0,12.74,2.0,9.183,18.39
2023-11-27 21:01:03,0.0,13.19,2.02,9.134,18.47
2023-11-27 21:01:23,0.0,13.19,1.96,9.183,18.02
2023-11-27 21:01:44,0.0,13.19,2.08,9.011,18.76
2023-11-27 21:02:04,0.0,13.19,2.06,9.035,18.63
2023-11-27 21:02:25,0.0,13.19,2.06,9.035,18.63
2023-11-27 21:02:45,0.0,13.19,1.88,9.33,17.56
2023-11-27 21:03:06,0.0,12.74,1.88,9.33,17.56
2023-11-27 21:03:27,0.0,12.74,1.9,9.33,17.75
2023-11-27 21:04:32,0.0,13.19,1.94,9.207,17.88
2023-11-27 21:05:38,0.0,12.74,2.06,9.06,18.68
2023-11-27 21:07:28,0.0,12.74,2.12,8.937,18.97
2023-11-27 21:07:49,0.0,13.19,2.1,8.986,18.89
2023-11-27 21:08:09,0.0,13.19,1.96,9.257,18.16
2023-11-27 21:08:30,0.0,13.19,1.9,9.33,17.75
2023-11-27 21:08:51,0.0,13.19,2.02,9.134,18.47
2023-11-27 21:09:11,0.0,13.19,2.0,9.158,18.34
2023-11-27 21:09:32,0.0,13.19,1.92,9.33,17.93
2023-11-27 21:09:52,0.0,13.19,1.88,9.355,17.61
2023-11-27 21:10:13,0.0,13.19,2.04,9.035,18.45
2023-11-27 21:10:33,0.0,12.74,2.06,9.035,18.63
2023-11-27 21:10:54,0.0,13.19,1.96,9.183,18.02
2023-11-27 21:11:14,0.0,12.74,2.02,9.134,18.47
2023-11-27 21:11:35,0.0,13.19,2.02,9.109,18.42
2023-11-27 21:11:55,0.0,13.19,1.98,9.158,18.15
2023-11-27 21:12:16,0.0,13.19,2.0,9.183,18.39
2023-11-27 21:12:36,0.0,13.19,2.0,9.158,18.34
2023-11-27 21:13:42,0.0,12.74,1.86,9.38,17.47
2023-11-27 21:14:03,0.0,13.19,1.86,9.355,17.42
2023-11-27 21:15:53,0.0,13.19,2.02,9.084,18.37
2023-11-27 21:16:14,0.0,13.19,1.84,9.404,17.32
2023-11-27 21:16:34,0.0,13.19,1.98,9.183,18.2
2023-11-27 21:16:55,0.0,13.19,1.84,9.429,17.37
2023-11-27 21:17:15,0.0,13.19,1.82,9.429,17.18
2023-11-27 21:17:36,0.0,12.74,1.84,9.404,17.32
2023-11-27 21:17:56,0.0,13.19,1.82,9.453,17.22
2023-11-27 21:18:17,0.0,12.74,1.84,9.429,17.37
2023-11-27 21:20:08,0.0,13.19,1.94,9.183,17.84
2023-11-27 21:20:28,0.0,13.19,1.98,9.158,18.15
2023-11-27 21:20:49,0.0,13.19,1.82,9.429,17.18
2023-11-27 21:21:09,0.0,13.19,2.02,9.084,18.37
2023-11-27 21:21:30,0.0,13.19,2.02,9.109,18.42
2023-11-27 21:21:50,0.0,13.19,2.02,9.134,18.47
2023-11-27 21:22:11,0.0,13.19,1.84,9.404,17.32
2023-11-27 21:22:31,0.0,13.19,1.92,9.306,17.89
2023-11-27 21:22:52,0.0,12.74,1.92,9.232,17.75
2023-11-27 21:23:13,0.0,13.19,1.9,9.281,17.65
2023-11-27 21:23:33,0.0,13.19,2.0,9.109,18.24
2023-11-27 21:23:54,0.0,13.19,1.92,9.232,17.75
2023-11-27 21:24:14,0.0,13.19,1.94,9.183,17.84
2023-11-27 21:25:20,0.0,13.19,1.82,9.404,17.14
2023-11-27 21:25:40,0.0,13.19,1.86,9.38,17.47
2023-11-27 21:26:01,0.0,13.19,1.86,9.404,17.51
2023-11-27 21:27:06,0.0,13.19,1.9,9.281,17.65
2023-11-27 21:29:42,0.0,13.19,1.82,9.429,17.18
2023-11-27 21:30:03,0.0,13.19,1.96,9.158,17.97
2023-11-27 21:30:23,0.0,13.19,1.86,9.355,17.42
2023-11-27 21:30:44,0.0,13.19,1.86,9.355,17.42
2023-11-27 21:31:04,0.0,13.19,1.84,9.404,17.32
2023-11-27 21:31:25,0.0,13.19,1.82,9.429,17.18
2023-11-27 21:31:45,0.0,13.19,1.92,9.306,17.89
2023-11-27 21:32:06,0.0,13.19,1.82,9.429,17.18
2023-11-27 21:32:26,0.0,13.65,1.9,9.355,17.79
2023-11-27 21:33:32,0.0,13.19,1.88,9.38,17.65
2023-11-27 21:35:23,0.0,13.19,2.02,9.084,18.37
2023-11-27 21:35:43,0.0,13.19,1.9,9.306,17.7
2023-11-27 21:36:04,0.0,13.19,2.02,9.084,18.37
2023-11-27 21:38:39,0.0,13.19,1.82,9.453,17.22
2023-11-27 21:39:00,0.0,13.19,1.84,9.404,17.32
2023-11-27 21:39:20,0.0,13.19,2.02,9.084,18.37
2023-11-27 21:39:41,0.0,13.19,1.86,9.355,17.42
2023-11-27 21:40:01,0.0,13.19,1.98,9.207,18.25
2023-11-27 21:40:22,0.0,13.19,2.0,9.158,18.34
2023-11-27 21:40:43,0.0,13.19,1.84,9.429,17.37
2023-11-27 21:41:03,0.0,12.74,1.86,9.355,17.42
2023-11-27 21:41:24,0.0,12.74,1.82,9.453,17.22
2023-11-27 21:41:44,0.0,13.19,1.82,9.429,17.18
2023-11-27 21:42:05,0.0,13.19,2.02,9.084,18.37
2023-11-27 21:42:25,0.0,13.19,1.86,9.355,17.42
2023-11-27 21:42:46,0.0,13.19,1.9,9.281,17.65
2023-11-27 21:43:06,0.0,13.19,1.96,9.158,17.97
2023-11-27 21:43:27,0.0,13.19,1.82,9.429,17.18
2023-11-27 21:43:47,0.0,13.19,2.02,9.084,18.37
2023-11-27 21:46:23,0.0,13.19,2.0,9.134,18.29
2023-11-27 21:47:29,0.0,13.19,1.92,9.232,17.75
2023-11-27 21:48:34,0.0,13.19,1.96,9.232,18.12
2023-11-27 21:48:55,0.0,12.74,2.0,9.183,18.39
2023-11-27 21:50:00,0.0,13.19,1.84,9.429,17.37
2023-11-27 21:50:21,0.0,13.19,1.92,9.281,17.84
2023-11-27 21:50:41,0.0,12.74,2.0,9.158,18.34
2023-11-27 21:51:02,0.0,12.74,1.94,9.207,17.88
2023-11-27 21:51:22,0.0,13.19,1.9,9.281,17.65
2023-11-27 21:51:43,0.0,13.19,1.82,9.429,17.18
2023-11-27 21:52:04,0.0,13.19,1.84,9.404,17.32
2023-11-27 21:52:24,0.0,13.19,2.02,9.084,18.37
2023-11-27 21:52:45,0.0,13.19,1.84,9.38,17.28
2023-11-27 21:53:05,0.0,13.19,1.84,9.404,17.32
2023-11-27 21:56:16,0.0,13.19,1.94,9.207,17.88
2023-11-27 21:56:36,0.0,13.19,1.88,9.38,17.65
2023-11-27 21:56:57,0.0,13.19,2.0,9.183,18.39
2023-11-27 21:57:18,0.0,13.19,2.0,9.158,18.34
2023-11-27 21:58:23,0.0,13.19,1.9,9.33,17.75
2023-11-27 21:58:44,0.0,12.74,2.02,9.109,18.42
2023-11-27 21:59:49,0.0,13.19,1.96,9.232,18.12
2023-11-27 22:00:55,0.0,13.19,1.82,9.453,17.22
2023-11-27 22:01:15,0.0,13.19,1.98,9.207,18.25
2023-11-27 22:01:36,0.0,13.19,2.02,9.084,18.37
2023-11-27 22:01:56,0.0,13.19,1.84,9.404,17.32
2023-11-27 22:02:17,0.0,13.19,1.9,9.281,17.65
2023-11-27 22:02:38,0.0,13.19,1.82,9.429,17.18
2023-11-27 22:02:58,0.0,13.19,1.9,9.33,17.75
2023-11-27 22:03:19,0.0,13.19,1.88,9.306,17.51
2023-11-27 22:03:39,0.0,12.74,2.02,9.084,18.37
2023-11-27 22:04:00,0.0,13.19,1.84,9.429,17.37
2023-11-27 22:04:20,0.0,13.19,1.98,9.134,18.11
2023-11-27 22:04:41,0.0,13.19,1.82,9.453,17.22
2023-11-27 22:05:01,0.0,13.19,1.94,9.183,17.84
2023-11-27 22:05:22,0.0,13.19,1.82,9.429,17.18
2023-11-27 22:05:42,0.0,13.19,1.84,9.404,17.32
2023-11-27 22:06:03,0.0,13.19,1.94,9.257,17.98
2023-11-27 22:06:24,0.0,13.19,1.98,9.158,18.15
2023-11-27 22:06:44,0.0,13.19,1.82,9.453,17.22
2023-11-27 22:07:05,0.0,13.19,1.82,9.429,17.18
2023-11-27 22:07:25,0.0,13.19,1.84,9.404,17.32
2023-11-27 22:07:46,0.0,12.74,1.96,9.207,18.07
2023-11-27 22:08:06,0.0,13.19,1.98,9.134,18.11
2023-11-27 22:08:27,0.0,13.19,1.96,9.158,17.97
2023-11-27 22:08:47,0.0,13.19,2.02,9.084,18.37
2023-11-27 22:09:08,0.0,13.19,1.98,9.207,18.25
2023-11-27 22:09:28,0.0,13.19,1.96,9.183,18.02
2023-11-27 22:09:49,0.0,13.19,1.82,9.453,17.22
2023-11-27 22:10:09,0.0,13.19,1.98,9.158,18.15
2023-11-27 22:10:30,0.0,13.19,2.02,9.084,18.37
2023-11-27 22:10:51,0.0,13.19,1.9,9.281,17.65
2023-11-27 22:11:11,0.0,13.19,1.92,9.257,17.79
2023-11-27 22:11:32,0.0,13.19,2.02,9.084,18.37
2023-11-27 22:11:52,0.0,13.19,2.02,9.084,18.37
2023-11-27 22:12:13,0.0,12.74,1.98,9.183,18.2
2023-11-27 22:12:33,0.0,13.19,1.92,9.281,17.84
2023-11-27 22:12:54,0.0,13.19,1.96,9.232,18.12
2023-11-27 22:13:14,0.0,12.74,2.0,9.134,18.29
2023-11-27 22:13:35,0.0,12.74,1.9,9.281,17.65
2023-11-27 22:14:36,0.0,13.19,1.94,9.257,17.98
2023-11-27 22:15:16,0.0,12.74,1.84,9.429,17.37
2023-11-27 22:15:37,0.0,12.74,1.96,9.232,18.12
2023-11-27 22:16:17,0.0,13.19,1.98,9.134,18.11
2023-11-27 22:16:38,0.0,13.19,2.0,9.134,18.29
2023-11-27 22:17:58,0.0,13.19,2.02,9.109,18.42
2023-11-27 22:18:19,0.0,13.19,1.98,9.134,18.11
2023-11-27 22:19:40,0.0,13.19,2.02,9.109,18.42
2023-11-27 22:43:46,0.0,12.74,1.92,9.281,17.84
2023-11-27 23:31:34,0.0,12.74,1.9,9.33,17.75
2023-11-27 23:36:55,0.0,12.74,1.82,9.404,17.14
2023-11-27 23:39:19,0.0,12.74,1.82,9.429,17.18
2023-11-28 00:00:42,0.0,12.74,1.84,9.38,17.28
2023-11-28 00:54:11,0.0,13.19,1.84,9.429,17.37
2023-11-28 00:54:31,0.0,12.74,2.04,9.06,18.5
2023-11-28 00:54:55,0.0,13.19,2.0,9.158,18.34
2023-11-28 00:55:15,0.0,12.74,2.02,9.084,18.37
2023-11-28 00:56:36,0.0,12.74,1.96,9.207,18.07
2023-11-28 00:57:57,0.0,12.74,2.04,9.084,18.55
2023-11-28 00:58:17,0.0,12.74,2.0,9.134,18.29
2023-11-28 00:59:38,0.0,12.74,1.86,9.404,17.51
2023-11-28 00:59:59,0.0,12.74,1.88,9.306,17.51
2023-11-28 01:02:19,0.0,13.19,1.88,9.38,17.65
2023-11-28 01:16:41,0.0,12.74,1.84,9.404,17.32
2023-11-28 02:19:11,0.0,12.74,1.84,9.429,17.37
2023-11-28 02:19:32,0.0,12.74,1.82,9.429,17.18
2023-11-28 02:19:55,0.0,12.74,2.0,9.134,18.29
2023-11-28 02:20:16,0.0,12.74,1.96,9.183,18.02
2023-11-28 02:20:37,0.0,12.74,1.84,9.404,17.32
2023-11-28 02:20:57,0.0,12.74,1.84,9.429,17.37
2023-11-28 02:21:18,0.0,12.74,1.84,9.38,17.28
2023-11-28 02:21:38,0.0,12.74,1.84,9.404,17.32
2023-11-28 02:21:59,0.0,12.74,1.92,9.257,17.79
2023-11-28 02:22:19,0.0,12.74,2.04,9.06,18.5
2023-11-28 02:22:40,0.0,12.74,2.04,9.06,18.5
2023-11-28 02:23:00,0.0,12.74,1.82,9.429,17.18
2023-11-28 02:23:21,0.0,12.74,1.84,9.429,17.37
2023-11-28 02:23:41,0.0,12.74,1.92,9.232,17.75
2023-11-28 02:24:02,0.0,12.74,1.98,9.183,18.2
2023-11-28 02:24:22,0.0,12.74,2.02,9.084,18.37
2023-11-28 02:24:43,0.0,12.74,1.84,9.404,17.32
2023-11-28 02:25:04,0.0,12.74,2.02,9.084,18.37
2023-11-28 02:25:24,0.0,12.74,1.88,9.33,17.56
2023-11-28 02:25:45,0.0,12.74,1.9,9.33,17.75
2023-11-28 02:26:05,0.0,12.74,1.98,9.183,18.2
2023-11-28 02:26:26,0.0,12.74,1.94,9.232,17.93
2023-11-28 02:26:46,0.0,12.74,1.88,9.306,17.51
2023-11-28 02:27:07,0.0,12.74,2.0,9.109,18.24
2023-11-28 02:27:27,0.0,12.74,1.84,9.404,17.32
2023-11-28 02:27:48,0.0,12.74,2.02,9.109,18.42
2023-11-28 02:28:08,0.0,12.74,2.02,9.084,18.37
2023-11-28 02:28:29,0.0,13.19,1.88,9.33,17.56
2023-11-28 02:28:50,0.0,12.74,2.02,9.084,18.37
2023-11-28 02:29:10,0.0,12.74,1.88,9.355,17.61
2023-11-28 02:29:31,0.0,12.74,2.02,9.134,18.47
2023-11-28 02:29:51,0.0,12.74,2.04,9.06,18.5
2023-11-28 02:30:12,0.0,12.74,1.84,9.429,17.37
2023-11-28 02:30:32,0.0,12.74,1.84,9.404,17.32
2023-11-28 02:30:53,0.0,12.74,1.86,9.404,17.51
2023-11-28 02:31:13,0.0,12.74,1.96,9.158,17.97
2023-11-28 02:31:34,0.0,12.74,1.84,9.404,17.32
2023-11-28 02:31:54,0.0,12.74,1.94,9.257,17.98
2023-11-28 02:32:15,0.0,12.74,1.88,9.33,17.56
2023-11-28 02:33:56,0.0,12.74,2.02,9.084,18.37
2023-11-28 02:51:01,0.0,12.74,1.9,9.281,17.65
2023-11-28 03:02:23,0.0,12.74,2.04,9.06,18.5
2023-11-28 03:08:44,0.0,12.74,1.84,9.429,17.37
2023-11-28 03:17:08,0.0,12.74,1.94,9.232,17.93
2023-11-28 03:45:55,0.0,12.74,1.96,9.207,18.07
2023-11-28 03:47:18,0.0,12.74,2.04,9.06,18.5
2023-11-28 04:03:01,0.0,12.28,1.84,9.404,17.32
2023-11-28 04:18:06,0.0,12.28,2.02,9.06,18.32
2023-11-28 04:29:47,0.0,12.28,2.04,9.084,18.55
2023-11-28 04:30:31,0.0,12.74,1.86,9.38,17.47
2023-11-28 04:30:51,0.0,12.74,1.9,9.257,17.61
2023-11-28 04:32:32,0.0,12.28,1.86,9.355,17.42
2023-11-28 04:32:53,0.0,12.74,1.86,9.38,17.47
2023-11-28 04:34:33,0.0,12.74,1.84,9.404,17.32
